,Image Type,Mean Intensity,Standard Deviation Intensity,Median Intensity,Image Name
0,Ground Truth,0.0041571274802370125,0.0445004536015601,0.0,image_2
1,Noisy Image,0.004097736820716621,0.10928545856129004,0.0011753140150373507,image_2
2,Filtered Image,0.0027160671137390377,0.03643819287760602,0.0008019248484879573,image_2
